{"products":[{"id":"0.8946381660057103","qty":3}],"totalPrice":119.9700000000001}